{"cameraMode":{"drawMode":0,"name":"Shaded","section":"Shading Mode"},"sceneLighting":false,"audioPlay":false,"sceneViewState":{"showFog":true,"showMaterialUpdate":true,"showSkybox":false,"showFlares":true,"showImageEffects":true,"showParticleSystems":true},"in2DMode":false,"pivot":{"x":-11.124500274658204,"y":-0.4078716039657593,"z":-78.69169616699219},"rotation":{"x":-0.04753360152244568,"y":0.9252029061317444,"z":-0.12369005382061005,"w":-0.35562607645988467},"size":11.624212265014649,"orthographic":false}