{"cameraMode":{"drawMode":0,"name":"Shaded","section":"Shading Mode"},"sceneLighting":false,"audioPlay":false,"sceneViewState":{"showFog":true,"showMaterialUpdate":true,"showSkybox":false,"showFlares":true,"showImageEffects":true,"showParticleSystems":true},"in2DMode":false,"pivot":{"x":563.4444580078125,"y":84.18118286132813,"z":280.0655212402344},"rotation":{"x":-0.17018409073352815,"y":-0.7161248326301575,"z":0.18736226856708527,"w":-0.6504635214805603},"size":155.32229614257813,"orthographic":false}