{"cameraMode":{"drawMode":0,"name":"Shaded","section":"Shading Mode"},"sceneLighting":false,"audioPlay":false,"sceneViewState":{"showFog":true,"showMaterialUpdate":true,"showSkybox":false,"showFlares":true,"showImageEffects":true,"showParticleSystems":true},"in2DMode":false,"pivot":{"x":0.0,"y":4.725187301635742,"z":-69.60502624511719},"rotation":{"x":0.048300694674253467,"y":-0.5293914675712586,"z":0.030208049342036248,"w":0.8464633822441101},"size":4.085374355316162,"orthographic":false}