{"cameraMode":{"drawMode":0,"name":"Shaded","section":"Shading Mode"},"sceneLighting":true,"audioPlay":false,"sceneViewState":{"showFog":true,"showMaterialUpdate":true,"showSkybox":true,"showFlares":true,"showImageEffects":true,"showParticleSystems":true},"in2DMode":false,"pivot":{"x":-0.23000000417232514,"y":-0.17000000178813935,"z":-10.369999885559082},"rotation":{"x":-0.11527741700410843,"y":-0.38490816950798037,"z":0.04851491004228592,"w":-0.9144492149353027},"size":1.4025026559829713,"orthographic":false}