{"cameraMode":{"drawMode":0,"name":"Shaded","section":"Shading Mode"},"sceneLighting":false,"audioPlay":false,"sceneViewState":{"showFog":false,"showMaterialUpdate":false,"showSkybox":false,"showFlares":false,"showImageEffects":false,"showParticleSystems":false},"in2DMode":false,"pivot":{"x":1.7309999465942383,"y":5.760000228881836,"z":-0.4605097770690918},"rotation":{"x":-0.004411101341247559,"y":-0.9953593611717224,"z":0.07810557633638382,"w":-0.05619141459465027},"size":4.439440727233887,"orthographic":false}